{"cameraMode":{"drawMode":0,"name":"Shaded","section":"Shading Mode"},"sceneLighting":true,"audioPlay":false,"sceneViewState":{"showFog":true,"showMaterialUpdate":false,"showSkybox":true,"showFlares":true,"showImageEffects":true,"showParticleSystems":true},"in2DMode":false,"pivot":{"x":-1.5162158012390137,"y":-1.821969985961914,"z":3.3813602924346926},"rotation":{"x":-0.24121055006980897,"y":0.6696702837944031,"z":-0.24544250965118409,"w":-0.6581208109855652},"size":4.299996376037598,"orthographic":false}